{
  "$schema": "https://raw.githubusercontent.com/grafana/grafana/master/docs/sources/developers/plugins/plugin.schema.json",
  "type": "datasource",
  "name": "Firestore Datasource",
  "id": "masorange-firestore-datasource",
  "metrics": true,
  "backend": true,
  "executable": "gpx_firestore",
  "category": "cloud",
  "info": {
    "description": "Advanced Google Firestore datasource with SQL-like queries, GROUP BY, ORDER BY, and nested field support",
    "author": {
      "name": "masorange",
      "url": "https://github.com/apardota01/masorange-firestore-grafana-datasource"
    },
    "keywords": [
      "datasource",
      "firestore",
      "gcp",
      "sql",
      "nosql",
      "group-by",
      "aggregation",
      "nested-fields"
    ],
    "logos": {
      "small": "img/logo.svg",
      "large": "img/logo.svg"
    },
    "links": [],
    "screenshots": [
      {
        "path": "screenshots/firestore-datasource-configuration.png"
      },
      {
        "path": "screenshots/query-with-firestore-datasource.png"
      }
    ],
    "version": "1.0.0",
    "updated": "2025-09-22"
  },
  "dependencies": {
    "grafanaDependency": ">=9.2.5",
    "plugins": []
  }
}